"ID of id","ID of scope","col2"
4189,4188,"__name__"
4190,4188,"__package__"
4198,4188,"None"
4209,4188,"False"
4226,4223,"self"
4229,4223,"url_or_file"
4232,4223,"profile"
4235,4223,"profile_dir"
4238,4223,"ipython_dir"
4241,4223,"context"
4244,4223,"debug"
4247,4223,"exec_key"
4250,4223,"sshserver"
4253,4223,"sshkey"
4256,4223,"password"
4259,4223,"paramiko"
4262,4223,"timeout"
4265,4223,"extra_args"
4277,4188,"super"
4281,4188,"Client"
4325,4188,"zmq"
4380,4188,"pjoin"
4412,4188,"util"
4428,4223,"cfg"
4433,4188,"HoleException"
4443,4188,"os"
4496,4188,"open"
4502,4223,"f"
4509,4188,"json"
4568,4223,"location"
4598,4223,"url"
4613,4223,"proto"
4616,4223,"addr"
4619,4223,"port"
4653,4188,"LOCAL_IPS"
4690,4188,"warnings"
4700,4188,"RuntimeWarning"
4729,4188,"bool"
4806,4188,"tunnel"
4827,4188,"getpass"
4841,4188,"dict"
4855,4223,"ssh_kwargs"
4913,4188,"Session"
5039,5036,"msg"
5089,4188,"__init__"
