"col0","ID of parent","idx"
"id",4253,3
"test_get_collection_custom_fields",4213,2
"test_get_collection_custom_fields",4216,0
"uuid,extra",4223,2
"'",4223,3
"'",4268,3
"'",4280,3
"'",4326,3
"'",4335,3
"'",4347,3
"'",4348,3
"'",4349,3
"create_test_port",4241,3
"context",4247,3
"node",4254,3
"node_id",4252,2
"generate_uuid",4261,3
"uuid",4259,2
"uuid",4347,2
"52:54:00:cf:2d:3%s",4268,2
"address",4266,2
"get_json",4274,3
"/ports?fields=%s",4280,2
"MAX_VER",4294,3
"Version",4300,3
"string",4299,3
"headers",4285,2
"assertEqual",4312,3
"ports",4326,2
"ports",4335,2
"assertItemsEqual",4340,3
"extra",4348,2
"links",4349,2
